module,section,id,name,description,synonyms,alternative_definition,additional,crate_slot,iri,iri_label,iri_predicate,iri_justification,iri_source_version,oecd_gd211,lincs,toxtemp,nature,oecd_gd34,oecd_gd417,oecd_oht201
General Information,,experiment_name,Experiment name,Short and descriptive title [OECD GD 211],Scientific issue; Assay name; Title,Descriptive full-text title [ToxTemp],,Investigation:name;Study:name;Assay:name,,,,,,True,,True,,True,,
General Information,,study_description,Study description,"A description of why you did the experiment, what you hoped to see. This should be a 2-3 sentence description that would explain what this experiment is to someone other than you. [MIFlowCyt]",Study purpose; Description; Summary; Abstract,Provide a summary of the assay features. E.g. “the effects of a chemical irritant on the opacity and permeability of a freshly isolated bovine cornea can be used to measure eye irritancy.” [OECD GD 211],,Study:description,,,,,,True,,True,,,True,True
General Information,,date,Date,Report the date of the first version of the method decription (day/month/year). Example: “5 August 2013” [OECD GD 211],Year; Date of the publication,,,Investigation:datePublished,,,,,,True,,,,,,
General Information,,version_number,Version number,"Indicate the date (day/month/year) of any update of the MD. The MD can be updated for a number of reasons such as additions of new information or corrections to the existing information. Summarise briefly which information has been updated.  [OECD GD 211]. For protocols, semantic versioning and fork tracking via dynamic repositories (e.g., protocols.io) are encouraged.",,Version number and date of deposition; Summary of introduced changes in comparison to previous version(s) [ToxTemp],,Investigation:dateModified,,,,,,True,,True,,,True,
General Information,,organizations,Organizations,Organization(s) performing the experiment. [MIFlowCyt],,,,Investigation:sourceOrganization,,,,,,,,,,,,
General Information,,experimenters,Experimenter(s),"Name and email of contact person, Name of further persons involved [ToxTemp]. CRediT-style role attribution (conceptualisation, methodology, investigation, analysis, etc.) is encouraged.",Corresponding person; Name and acronym of the test depositor,The scientist that performed this experiment. [4DN] Primary researcher [MIFlowCyt] Names and contact details [OECD GD 211] Assay developer(s)/Laboratory and contact details [OECD GD 211],,Investigation:author,,,,,,True,,True,,,True,
General Information,,time_point,Time point,Date and time (range) of the experiment [OECD GD 211]. Range form (start–end) is acceptable to capture the study time-frame.,Study time-frame;study period start;study period end,,,Study:temporalCoverage,,,,,,True,,True,,True,,True
General Information,,data_access,Data access,"Availability of data: e.g., open access or restricted data access",,,,Investigation:conditionsOfAccess,,,,,,,,,,,,True
General Information,,pubmed_ids,PubMed IDs,A numeric PubMed ID of a publication associated with this experiment or a comma-separated list on multiple numeric PubMed IDs if multiple publications are related to this experiment. [MIFlowCyt],,,,Investigation:citation,,,,,,,,,,True,,
General Information,,pmc_ids,PMC IDs,"A PMC publication identifier (i.e., PMCxxxxxxxx) of a publication associated with this experiment, or a comma-separated list of multiple PMC IDs if multiple publications are related to this experiment. [MIFlowCyt]",,,,Investigation:citation,,,,,,,,,,True,,
General Information,,doi,DOI,"DOI stands for Digital Object Identifier. It is a unique ID to correspond to an electronic document such as an electronic journal article. Note, not all electronic journal articles have a DOI.  However, you may come across this ID on a journal article page, on a publisher's website, in a record in a database such as PubMed, or in a citation in a bibliography.  Some citation styles include the DOI at the end of the citation. [Health and science library]. Protocol DOIs (e.g., from protocols.io) are valid uses of this field for citing the procedure itself.",,,True,Investigation:citation,,,,,,,,,,True,True,
General Information,,references_to_main_scientific_papers,Reference(s) to main scientific papers,List of bibliographic references to papers that explain assay development [OECD GD 211],References list,Availability of key publications [ToxTemp],,Investigation:citation,,,,,,True,,True,,True,,True
General Information,,test_type,Test type,"e.g., in vivo, or in vitro, ex vivo, in chemico, in silico",,,,Investigation:keywords,,,,,,,,,,,,True
General Information,,endpoints,Endpoint(s),"Define the specific endpoint(s) of the test system that you use for toxicity testing (e.g., cytotoxicity, cell migration, etc.). Indicate whether cytotoxicity is the primary endpoint.What are secondary/further endpoints?Also describe here potential reference/normalization endpoints (e.g. cytotoxicity, protein content, housekeeping gene expression) that are used for normalization of the primary endpoint. [ToxTemp]",,"The recorded observation coming from an in chemico method, an in vitro assay or an in vivo assay [OECD]",,Assay:char,,,,,,,,True,,,True,True
General Information,,availability_of_information,Availability  of  information,"Indicate whether the assay is proprietary  or  non-proprietary  (to  what  extent  is  the  assay  method  transferable  or  contains proprietary  elements)  and  specify  (if  possible)  what  kind  of  information  about  the  assay  cannot  be disclosed  or  is  not  available  (e.g.,  chemical  reference  sets  (training  or  test  sets),  prediction  model). Example: “The assay is non-proprietary, but the training and test sets are not available”; “The model is proprietary, and the prediction model and associated data sets are confidential”; “Company XYZ’s in vitro model for sensitisation may be transferable but the prediction model is confidential”. Obviously ensuring scientific confidence in an assay is facilitated if all information is transparent and can be disclosed. [OECD GD 211]",Method transfer,,,Study:char,,,,,,True,,True,,True,,
General Information,,information_about_the_throughput_of_the_assay,Information about the throughput of the assay,"Indicate the throughput of the assay to provide an indication of likely resource intensity e.g., low (manual assay, one chemical tested at a time), lowmoderate, moderate, moderate-high, high throughput (e.g., in 96 well-plate and higher), and qualify with e.g., approximate number of chemicals/concentrations per run. If appropriate indicate whether a manual assay could be run in a higher throughput mode. [OECD GD 211]",,,,Study:char,,,,,,True,,True,,,,
General Information,,status_of_the_method,Status of the method,"i)  Development  status:  Indicate  if  the  assay  is  still  under  development,  and  the  estimated  timeline  for completion as far as possible; ii) Known uses: summarise the current and/or past use of the assay by different laboratories; iii) Evaluation study: summarise the main conclusions or refer to individual protocol if available; iv)  Validation  study:  indicate  participation  in  a  formal  validation  study/studies  and  summarise  the conclusions and their outcomes or refer to the individual protocol if available; v)  Regulatory  use:  provide  details  of  any potential regulatory  application and  of  the toxicological hazard endpoint being addressed by the assay [OECD GD 211] If applicable: what is the status of the standardised assay, research, new method etc., is there an (S)OP? Reference to the SOP",validation approach;prospective validation;retrospective validation;prevalidation,,,Study:char,,,,,,True,,,,True,,
General Information,,standards_followed,Standards followed,"Standards followed such as good cell culture practice [OECD GD 211] Information about qualifier, guideline, standards and deviations [OECD]",GLP compliance statement;OECD TG alignment;OECD Test Guideline,,,Investigation:char,,,,,,,,,,True,True,True
General Information,,funding,Funding,List all funding sources (including grant number) and the role of the funder(s) in the study. [ARRIVE],,You may reference funding sources for this experiment.  [MIFlowCyt],,Investigation:funder,,,,,,,,,,,True,
General Information,,abbreviations_and_definitions,Abbreviations and definitions,Used abbrevations and definitions of specific terminology,,,,Study:char,,,,,,True,,True,,,,
General Information,,supplementary_information,Supplementary Information,Name of the attached document(s) with remarks about content,,,,Investigation:hasPart,,,,,,,,,,True,,True
Chemical Information,Chemical description and generation procedure,compound_name,Compound name,"Used designation / name in the present work, standardized name of the nanomaterial (OECD)",Material name;Nanomaterial;Compound designation;Substance;chemical name;formulation name;product name,,,MolecularEntity:name,http://purl.obolibrary.org/obo/NCIT_C96972,Chemical Name,skos:closeMatch,semapv:ManualMappingCuration,ncit:26.02d,,,,,True,True,True
Chemical Information,Chemical description and generation procedure,cas_registry_number,CAS Registry Number,"It is a unique numeric identifier, designates only one substance, has no chemical significance, represents a link to a wealth of information about a specific chemical substance [CAS REGISTRY and CAS Registry Number FAQs]",,,,MolecularEntity:identifier,http://semanticscience.org/resource/CHEMINF_000446,CAS registry number,skos:exactMatch,semapv:ManualMappingCuration,enm:10.0,,,,,True,True,True
Chemical Information,Chemical description and generation procedure,sample_source,Sample source,Origin (who has produced/provided) of the sample,supplier;source of substance;chemical supplier,,True,MolecularEntity:char,http://www.ebi.ac.uk/efo/EFO_0004443,material supplier,skos:broadMatch,semapv:ManualMappingCuration,efo:3.91.0,,,,,True,True,
Chemical Information,Chemical description and generation procedure,hazards,Hazards,"Information about material safety. Physical hazards, e.g. nanoscale metal powders are very reactive and may have a high potential to explode (self-ignite). See also safety data sheet (SDS)",Flammability;Explosion;SDS;safety data sheet,,,MolecularEntity:char,http://purl.obolibrary.org/obo/NCIT_C73538,Hazard,skos:closeMatch,semapv:ManualMappingCuration,ncit:26.02d,,,,,True,,
Chemical Information,Chemical composition,structural_formula,Structural formula,An empirical formula and molecular structure must be provided. [OECD],Molecular structure,For the identification of chemical compounds,,MolecularEntity:formula;MolecularEntity:smiles,http://semanticscience.org/resource/CHEMINF_000042,molecular formula,skos:closeMatch,semapv:ManualMappingCuration,cheminf:2.1.0,,,,,,True,
Chemical Information,Sample preparation,procedure_description,Procedure description,The suitability of the sample preparation methodology for the intended purpose. (OECD),,Dispersion of as prepared or delivered NM in media used for biological experiments (DaNa),,MolecularEntity:char,http://purl.obolibrary.org/obo/NCIT_C201324,Procedure Description,skos:closeMatch,semapv:ManualMappingCuration,ncit:26.02d,,,,,,,True
Biological Model Information,Model characterization in vitro > General information,cell_line_name,Cell name,"Immortalized (naturally or engineered), genetically uniform tissue cells able to reproduce indefinitely in standard culture conditions. [LINCS]",,,,CellLineSample:name,,,none,semapv:ManualMappingCuration,,,True,,,,True,True
Biological Model Information,Model characterization in vitro > General information,test_system_category,Type of test system,"Category of the test system used (e.g. cell line, primary cells, tissue, bacteria, yeast), per IUCLID IntEff_Type. Carried by the cell-based test system's sampleType.",,,True,CellLineSample:sampleType,,,,,,,,,,,,True
Biological Model Information,Model characterization in vitro > General information,cell_line_origin,Cell line origin,"For each cell line, include in the Methods section a statement that specifies the source of the cell lines. Are any cell lines used in this paper listed in the database of commonly misidentified cell lines maintained by ICLAC (also available in NCBI Biosample)? [Nature]",Cell line database; Cell line source,,,CellLineSample:char,http://purl.obolibrary.org/obo/CLO_0037290,cell line cell origin,skos:relatedMatch,semapv:ManualMappingCuration,clo:2.1.188,True,True,True,True,,True,
Biological Model Information,Model characterization in vitro > General information,provider_name,Provider name,Name of vendor or lab (provider) that supplied the cell line [LINCS],,,,CellLineSample:char,http://purl.obolibrary.org/obo/NCIT_C90473,Test Subject Supplier,skos:closeMatch,semapv:ManualMappingCuration,ncit:26.02d,,True,,,,True,
Biological Model Information,Model characterization in vitro > General information,provider_catalog_id,Provider Catalog ID,ID or catalogue number or name assigned to the cell line by the vendor or provider [LINCS],,,,CellLineSample:char,http://purl.obolibrary.org/obo/NCIT_C99286,Catalog Number,skos:exactMatch,semapv:ManualMappingCuration,ncit:26.02d,,True,,,,True,
Biological Model Information,Model characterization in vitro > General information,provider_batch_id,Provider Batch ID,Vendor/Provider Batch ID number; Batch or lot number assigned to the cell line by the vendor or provider [LINCS],,,,CellLineSample:char,,,,,,,True,,,True,True,
Biological Model Information,Model characterization in vitro > General information,organism,Organism,"Organism of origin; a controlled vocabulary describing the organism from which the cell line was derived (e.g. Homo sapiens, Mus musculus, etc.)  [LINCS]",species of origin,,,CellLineSample:taxonomicRange,http://purl.obolibrary.org/obo/NCIT_C14250,Organism,skos:exactMatch,semapv:ManualMappingCuration,ncit:26.02d,,True,,,,True,
Biological Model Information,Model characterization in vitro > General information,organ,Organ,"Organ of origin; controlled terms describing the organ from which cell line is derived; (e.g. lung, mammary gland etc.)  [LINCS]",,,,CellLineSample:char,http://purl.obolibrary.org/obo/UBERON_0000062,organ,skos:exactMatch,semapv:ManualMappingCuration,uberon:2026-04-01,,True,,,,,True
Biological Model Information,Model characterization in vitro > General information,tissue,Tissue,Tissue of origin; A controlled vocabulary describing the tissue from which the cell line was derived [LINCS],,,,CellLineSample:char,http://purl.obolibrary.org/obo/UBERON_0000479,tissue,skos:exactMatch,semapv:ManualMappingCuration,uberon:2026-04-01,,True,,,,True,True
Biological Model Information,Model characterization in vitro > General information,cell_line_cell_type,Cell type,"A controlled vocabulary describing the cell type from which a cell line was derived, e.g. epithelial like, fibroblast-like, lymphoblast like, hematopoietic, mesenchymal, neural, etc. This provides information about cell morphology. Also sometimes referred to as cell morphology [LINCS]",Morphology,,,CellLineSample:char,http://www.ebi.ac.uk/efo/EFO_0000324,cell type,skos:exactMatch,semapv:ManualMappingCuration,efo:3.91.0,,True,,,,True,
Biological Model Information,Model characterization in vitro > General information,cell_type_detail,Cell type detail,"Additional description of cell type (histology) that is not available in CL, but may be known from other sources like ATCC [LINCS]",,,,CellLineSample:char,,,,,,,True,,,,,True
Biological Model Information,Model characterization in vitro > General information,growth_properties,Growth properties,"A controlled vocabulary describing the growth properties of the cell line (e.g. adherent, suspension) [LINCS]",Culture properties [ATCC],,,CellLineSample:char,http://www.bioassayontology.org/bao#BAO_0002099,cell growth property,skos:exactMatch,semapv:ManualMappingCuration,bao:2.8.19,,True,,,,,
Biological Model Information,Model characterization in vitro > General information,donor_sex,Donor sex,Describes sex of the organism from which the cell was obtained [LINCS],,,,CellLineSample:char,,,,,,,True,,,,True,
Biological Model Information,Model characterization in vitro > General information,donor_age,Donor age,The age of the donor [LINCS],,,,CellLineSample:char,,,,,,,True,,,,True,
Biological Model Information,Model characterization in vitro > General information,phenotype,Phenotype,,,,,CellLineSample:char,http://www.bioassayontology.org/bao#BAO_0002542,cell phenotype,skos:closeMatch,semapv:ManualMappingCuration,bao:2.8.19,,,,,,,
Biological Model Information,Model characterization in vitro > General information,genotype,Genotype,,,,,CellLineSample:char,http://www.ebi.ac.uk/efo/EFO_0000513,genotype,skos:exactMatch,semapv:ManualMappingCuration,efo:3.91.0,,,,,,,
Biological Model Information,Model characterization in vitro > General information,donor_ethnicity,Donor ethnicity,"For human cells, the ethnicity of the donor [LINCS]",,,,CellLineSample:char,,,,,,,True,,,,True,
Biological Model Information,Model characterization in vitro > General information,donor_health_status,Donor health status,Controlled vocabulary describing the health status of the donor [LINCS],,,,CellLineSample:char,,,,,,,True,,,,True,
Biological Model Information,Model characterization in vitro > General information,disease,Disease,"If the cell line came from a particular diseased tissue, the disease should be noted in terms of a controlled vocabulary (e.g. breast cancer, colon cancer, not diseased, etc.) [LINCS]",,,,CellLineSample:char,,,,,,,True,,,,,
Biological Model Information,Model characterization in vitro > General information,disease_details,Disease details,Additional description of a disease related to the cell line that may not be available in the disease ontology above [LINCS],,,,CellLineSample:char,,,,,,,True,,,,,
Biological Model Information,Model characterization in vitro > General information,known_mutations,Known mutations,"Mutations inherent (from the donor) in the cell line, captured explicitly; e.g. if reference is not available [LINCS]",,,,CellLineSample:char,http://purl.obolibrary.org/obo/NCIT_C45576,Mutation Abnormality,skos:closeMatch,semapv:ManualMappingCuration,ncit:26.02d,,True,,,,,
Biological Model Information,Model characterization in vitro > General information,mutation_citations,Mutation citations,Mutations inherent in certain cell lines; from a reference [LINCS],,,,CellLineSample:char,,,,,,,True,,,,,
Biological Model Information,Model characterization in vitro > General information,molecular_features,Molecular features,Relevant molecular and morphological features of the Cell Line [LINCS],,,,CellLineSample:char,,,,,,,True,,,,,
Biological Model Information,Model characterization in vitro > General information,genetic_modification,Genetic modification,"This field specifies any stable constructs as well as any genetic modifications (mutations, translocations) introduced into this cell line (e.g. H2B-mCherry integrated at the AAVS1 Safe Harbor locus). Details of the procedures used to generate this line (e.g. CRISPR/Cas9-mediated transformation) should be described and appropriate citations provided in the Production Details field [LINCS]",,,,CellLineSample:char,http://www.ebi.ac.uk/efo/EFO_0000510,genetic modification,skos:exactMatch,semapv:ManualMappingCuration,efo:3.91.0,,True,,,,,True
Biological Model Information,Model characterization in vitro > General information,recommended_culture_conditions,Recommended culture conditions,"A description of the standard tissue culture conditions (media, supplements, culture dish treatment) used to maintain the cell line. Description of culture dish treatment conditions would include information about coating of culture dish with fibronectin, collagen, etc., prior to cell plating. If special culture vessels are required to grow the cells, these should also be mentioned, and details provided [LINCS]",,,,CellLineSample:char,,,,,,,True,,,,,
Biological Model Information,Model characterization in vitro > General information,related_projects,Related projects,"Other projects in which the cell line has been studied / used; A controlled vocabulary describing other large-scale projects in which the cell line has been used (e.g. ENCODE, TCGA, ICBP, Epigenomics, etc.) [LINCS]",,,,CellLineSample:char,,,,,,,True,,,,,
Biological Model Information,Model characterization in vitro > General information,verification_reference_profile,Verification reference profile,"Expected STR (reference) profile of the cell line based on provider information, if available [LINCS]",,,,CellLineSample:char,,,,,,,True,,,,True,
Biological Model Information,Model characterization in vitro > General information,reference_source,Reference source,"This field specifies a catalog entry or database record for this cell line at a cell type collection, if available, or an established external source [LINCS]",RRID;Research Resource Identifier,,,CellLineSample:identifier,,,,,,,True,,,,True,
Biological Model Information,Model characterization in vitro > General information,cell_markers,Cell markers,A controlled vocabulary describing the markers used to isolate / identify the cell type [LINCS],,,,CellLineSample:char,,,,,,,True,,,,,
Biological Model Information,Model characterization in vitro > General information,gonsome_code,Gonsome code,"List of the sex chromosomes (gonosome) of the sample e.g. XX, XY, XXY [LINCS]",,,,CellLineSample:char,,,,,,,True,,,,,
Biological Model Information,Model characterization in vitro > General information,disease_site_onset,Disease site onset,Site of disease onset in primary cell donor [LINCS],,,,CellLineSample:char,,,,,,,True,,,,,
Biological Model Information,Model characterization in vitro > General information,disease_age_onset,Disease age onset,Age of disease onset in primary cell donor (in years) [LINCS],,,,CellLineSample:char,,,,,,,True,,,,,
Biological Model Information,Model characterization in vitro > General information,donor_disease_duration,Donor disease duration,Age of death of primary cell donor (in years) [LINCS],,,,CellLineSample:char,,,,,,,True,,,,,
Biological Model Information,Model characterization in vitro > General information,cell_relevant_citations,Cell relevant citations,"List of references (with PMIDs) of relevance to cell line derivation, etc. [LINCS]",,,,CellLineSample:char,,,,,,,True,,,,,
Biological Model Information,Model characterization in vitro > Custom fields,culture_conditions,Culture conditions,A description of the culture conditions that were used and are suitable for this type of cell [LINCS],Cell culture method,Precise cell culture method [Drasler],,LabProcessCellCulture:param,http://purl.obolibrary.org/obo/BTO_0000216,culture condition,skos:closeMatch,semapv:ManualMappingCuration,bto:2021-10-26,,True,,,,,
Biological Model Information,Model characterization in vitro > Custom fields,cell_culturing_material,Cell culturing material,Detailed description of the source and providers of the materials (cell culture plastic device),,,,LabProcessCellCulture:param,,,,,,,,,,,True,
Biological Model Information,Model characterization in vitro > Custom fields,media_preparation,Media preparation,Detailed description of the source and providers of the reagents,,,,LabProcessCellCulture:param,,,,,,,,,,,True,
Biological Model Information,Model characterization in vitro > Custom fields,cell_seeding_details,Cell seeding details,"The number of cells seeded, percentage confluency at the start of an experiment, and time between seeding and experimentation should be reported for cell culture experiments. For experiments involving multiple cell types (e.g. co-culture, tumour spheroids), the number of non-target (e.g. healthy) cells and the number of target (e.g. diseased) cells should be reported. Ideally, however, the number of cells for each cell type present should be reported. [MIRIBEL]",seeding density,,,LabProcessExposure:param,http://purl.obolibrary.org/obo/MSIO_0000062,cell seeding density,skos:broadMatch,semapv:ManualMappingCuration,msio:1.0.1,,,,,,True,
Biological Model Information,Model characterization in vitro > Custom fields,mycoplasma_testing,Mycoplasma testing,"Have the cell lines been tested for mycoplasma contamination? In this checklist, indicate on which page (or section and paragraph) the information can be found. [Nature]",,,,LabProcessCellCulture:param,,,,,,,,,True,,True,
Biological Model Information,Model characterization in vitro > Custom fields,cell_line_authentication,Cell line authentication,"Have the cell lines been authenticated? If so, by which method? [Nature]",,,,LabProcessCellCulture:param,,,,,,,,,True,,True,
Biological Model Information,Model characterization in vitro > Custom fields,passage_number,Passage number,"The number of times, if any that the cells have been re-plated and allowed to grow back to confluency or to some maximum density if using suspension cultures. [LINCS]",,,,LabProcessCellCulture:param,http://www.ebi.ac.uk/efo/EFO_0007061,passage number,skos:exactMatch,semapv:ManualMappingCuration,efo:3.91.0,,True,,,,True,
Biological Model Information,Model characterization in vitro > Custom fields,cell_growth,Cell growth,Description before and during the test performance [Drasler],,,,LabProcessCellCulture:param,http://purl.obolibrary.org/obo/NCIT_C16402,Cell Growth,skos:closeMatch,semapv:ManualMappingCuration,ncit:26.02d,,True,,,,,
Biological Model Information,Model characterization in vitro > Custom fields,morphology,Morphology,Description before and during the test performance [Drasler],,,,LabProcessCellCulture:param,http://purl.obolibrary.org/obo/PATO_0010006,cell morphology,skos:exactMatch,semapv:ManualMappingCuration,pato:2025-05-14,,True,,,,,
Biological Model Information,Model characterization in vitro > Custom fields,justification_of_biological_model,Justification of biological model,"If applicable, give brief summary and references for the prediction model; Consider the intended purpose of the prediction model [OECD GD 211]",Cell culture choice,A justification of the selected cell culture. [Deagle],,Study:char,,,,,,True,,True,,True,True,True
Biological Model Information,Model characterization in vitro > Custom fields,biological_fluid_characterization,Biological fluid characterization,"For example, when investigating protein adsorption onto nanoparticles dispersed in blood serum, pertinent aspects of the blood serum should be characterised (e.g., protein concentrations and differences between donors used in study) [MIRIBEL]",,,,LabProcessCellCulture:param,,,,,,,,,,,,
Biological Model Information,Cell differentiation,differentiated_cell_name,Cell name,The name of the iPSCs that were differentiated [LINCS],,,,CellLineSample:char,,,,,,,True,,,,,
Biological Model Information,Cell differentiation,differentiated_cell_type,Cell type,"Cell type of the differentiated cell. A cell type is a distinct morphological or functional form of cell. Examples are epithelial, glial etc. [LINCS]",,,,CellLineSample:char,,,,,,,True,,,,,
Biological Model Information,Cell differentiation,differentiation,Differentiation,Description before and during the test performance [Drasler],,,,LabProcessCellCulture:param,http://purl.obolibrary.org/obo/GO_0030154,cell differentiation,skos:closeMatch,semapv:ManualMappingCuration,cl:2026-06-08,,,,,,,
Biological Model Information,Cell differentiation,differentiation_protocol,Differentiation protocol,The protocol that was used to differentiate the cells [LINCS],,,,LabProtocol:description,http://purl.obolibrary.org/obo/OBI_0000272,protocol,skos:broadMatch,semapv:ManualMappingCuration,obi:2026-05-08,,True,,,,,
Biological Model Information,Cell differentiation,transient_modifications,Transient modifications,Transient transfection or viral transduction [LINCS],,,,CellLineSample:char,http://purl.obolibrary.org/obo/CLO_0000004,cell line cell modification,skos:broadMatch,semapv:ManualMappingCuration,clo:2.1.188,,True,,,,,
Biological Model Information,Cell differentiation,days_post_differentiation,Days post differentiation,The number of days after the initiation of differentiation [LINCS],,,,LabProcessCellCulture:param,,,,,,,True,,,,,
Exposure Information,Exposure Information,exposure,Exposure,"Route of administration / exposure e.g. aerosol, dispersion, oral gavage, intravenous",Administration,,True,LabProcessExposure:param,,,,,,,,,,,True,
Exposure Information,Exposure Information,vehicles,Vehicles,Dispersing agent,solvents;diluents;test article vehicles,,,LabProcessExposure:param,,,,,,,,,,True,True,True
Exposure Information,Exposure Information,incubation_time,Incubation time,"Incubation time, exposure time or duration and frequency of treatment",Exposure time,,,LabProcessExposure:param,,,,,,,,True,,True,,
Exposure Information,Exposure Information,readout_frequency,Readout frequency,Details on sampling,Measuring timepoint/s,,,LabProcessEndpointReadout:param,,,,,,,,,,,,
Exposure Information,Exposure Information,dose,Dose,"administered dose, the initially added dose",Concentration;concentrations tested,,,LabProcessExposure:param,,,,,,,,,,True,True,True
Exposure Information,Exposure Information,dose_settings,Dose settings,"Number of doses/concentrations, testing range",Concentration settings;concentrations tested;concentration spacing,,,LabProcessExposure:param,,,,,,,,True,,True,True,True
Exposure Information,Exposure Information,dose_justification,Dose justification,Doses selected should be anchored by known human exposures; conversions from human exposures<-> in vitro exposures are suggested (via e.g. reverse dosimetry models). [Drasler],Dose selection;concentration range justification,,,LabProcessExposure:param,,,,,,,,,,True,True,True
Exposure Information,Exposure Information,controls,Controls,"Chemical positive and negative controls need to be included in each assay and the use of NM-based negative and positive controls is recommended. [Drasler]. For longitudinal control values across past runs (the historical-control dataset itself), see the dedicated `historical_control_data` row.",Reference material;Positive and negative controls;acceptable control ranges;historical control data,Reference materials are required as a benchmark control in toxicological studies in order to check the correct performance of the test involving positive and negative controls. [BfR],,LabProcessExposure:param,,,,,,,,True,,True,True,True
Exposure Information,Exposure Information,number_of_replicates,Number of replicates,"Number of technical and/or biological replicates. If replicates are not performed, provide a rationale (GD 34 p.40 §104, p.51 §149).",repeat experiments,,,LabProcessExposure:param,http://www.ebi.ac.uk/efo/EFO_0000683,replicate,skos:broadMatch,semapv:ManualMappingCuration,efo:3.91.0,,,True,,True,True,True
Exposure Information,Study design,specialized_equipment_needed,Specialized equipment needed,"mendatory needed specialized equipment, e.g. electron microscope, specific sonicator or cell culture material etc.",facilities;major fixed equipment,,,LabProtocol:labEquipment,,,,,,,,True,,True,,
Exposure Information,Study design,specific_licenses,Specific  licenses,"e.g. permission to work with genetic modified organisms, license to use specific method/software",Specific facilities,,,,,,,,,,,True,,,,
Exposure Information,Sample preparation,sterilization,Sterilization,"Removal of microbial contamination from nanoparticles. Important parameter for attributing the properties of the nanomaterial to toxic reactions that occur, including endotoxin removal.",Biological contamination;contamination control,,,MolecularEntity:char,,,,,,,,,,,True,
Exposure Information,In vitro,methods,Method(s),Descritpion of the used in vitro method,,,,Assay:description,,,,,,,,,,,,
Exposure Information,In vitro,cellular_model_system,Cellular model system,"e.g 2D-, 3D-, Co-culture models. For complex models (organoids, spheroids, OoC, MPS), also capture dynamic physiological features such as fluid flow rates and mechanical stretching.",,NM response need to be assessed in multiple (at least three) different cell types and/or co-cultures. [Drasler],,CellLineSample:char,,,,,,,,,,,True,
Exposure Information,In vitro,culture_dimensions,Culture dimensions,"e.g.  type of well, volume of added media, surface of the well",,,,LabProcessExposure:param,,,,,,,,,,,,
Exposure Information,In vitro,exposure_conditions,Exposure conditions,"Physical conditions of the test environment maintained during test item administration: temperature, humidity, CO2 concentration, and the medium used (including its composition). Distinct from the steady-state maintenance conditions of the cell line itself, which are captured by `culture_conditions` and `recommended_culture_conditions` in the Biological Model module. The atomic parameters are also captured individually by their own GD 417 items (`incubation_temperature`, `incubation_humidity`, `co2_concentration`, `culture_medium`); for the medium, the component-level identity (sources, providers, supplements) lives in `media_preparation`. See GD 417 Table 2.1 p.21 and p.33 Sec 2.3.3 in vitro.",experimental exposure conditions;in vitro exposure environment;culture medium during exposure;test medium,,,LabProcessExposure:param,,,,,,,,,,,True,True
Exposure Information,Dose metrics,units_mass_or_number_concentration_per_cell,Units: mass or number concentration per cell,"It is recommended that all the three-mass metrics are reported (mass, surface area and number) [Drasler]",,"Dosimetry, delivered dose",,LabProcessExposure:param,,,,,,,,,,,,
Exposure Information,Dose metrics,intracellular_nm_concentration,Intracellular NM concentration,"In the likelihood of intracellular NM alterations or dissolution, detection of intracellular NM concentration is recommended.  [Drasler]",,,,LabProcessExposure:param,,,,,,,,,,,,
Exposure Information,Dose metrics,deposited_dose_on_the_cell_surface,Deposited dose on the cell surface,Deposited dose on the cell surface needs to be calculated (specified methods or models).  [Drasler],,,,LabProcessExposure:param,,,,,,,,,,,,
Exposure Information,Dose metrics,dosimetric_conversions,Dosimetric conversions,"Use of specific model systems e.g. Air-liquid interface (ALI) protocols for lung cell experiments may overcome the issue with suspension cultures by a direct deposition of a NM onto the lung cell surface. Use of ALI (and barrier protocols) avoids the need for many dosimetric conversions since most of the aerosolization systems can measure the deposited NM concentration on-line thus allowing to obtain a dose-related effect (Braakhuis et al., 2016) [Drasler]",,,,LabProcessExposure:param,,,,,,,,,,,,
Endpoint Read Out Information,Test methods,analytical_method,Method(s),Overview on analytical method(s) to assess test endpoint(s) [ToxTemp],Method(s),Describe the response and its measurement [OECD GD 211],,Assay:measurementMethod,,,,,,True,,True,,,True,True
Endpoint Read Out Information,Test methods,type_of_method,Type of method,e.g. Quantitative or qualitative,,,True,LabProcessEndpointReadout:param,,,,,,,,,,,,True
Endpoint Read Out Information,Test methods,test_method_purpose,Test method purpose,"What is the claimed purpose and rationale for intended use of method, e.g. alternative to an existing method, screening, provision of novel information in regulatory decision-making, mechanistic information, adjunct test, replacement, etc.",,,,Assay:char,,,,,,True,,True,,True,,
Endpoint Read Out Information,Test methods,endpoints_of_the_test_method,Endpoint(s) of the test method,"Response here makes reference to any biological effect, process or activity that can be measured [OECD GD 211]",,,,LabProcessEndpointReadout:param,http://www.bioassayontology.org/bao#BAO_0000179,endpoint,skos:exactMatch,semapv:ManualMappingCuration,bao:2.8.19,True,,True,,True,True,True
Endpoint Read Out Information,Test methods,scientific_principle_of_the_method,Scientific principle of the method,Provide scientific rationale; Description of scientific principle; Biological/physiological basis and relevance; Mechanistic basis; Is anchor point an AOP? [OECD GD 211],,Features of the in vitro test system that reflect the in vivo tissue [ToxTemp],,Assay:char,,,,,,True,,True,,True,,True
Endpoint Read Out Information,Test methods,potential_linkage_to_aops,(Potential) linkage to AOPs,"Link to KE (key event) or MIE (molecular initiating event)? Which AO might be modelled? If no AOP present, give link between mechanism the assay measures and resulting hazard endpoint [OECD GD 211]. Per the IUCLID OHT 201 schema, the AOP-aligned Process/Object/Action triplet (with GO/PR/CHEBI ontology annotations from the AOP Wiki, see Ives et al. 2017) is a structured population pattern for this row.",,,,Assay:keyEvent;Study:aop,,,,,,True,,True,,,True,True
Endpoint Read Out Information,Test methods,method_uses,Method uses,Known uses: used in different laboratories? [OECD GD 211],,,,Assay:char,,,,,,True,,,,,,
Endpoint Read Out Information,Test methods,applicability_of_test_method,Applicability of test method,"Potential solubility issues with the test system, and solutions proposed to address the issue [OECD GD 211]",,,,Assay:char,,,,,,True,,True,,True,,
Endpoint Read Out Information,Test methods,test_method_reagents,Reagents,Add all reagents used in your experiment [MIFlowCyt],,"For mixtures, report the composition [OECD GD 211]",,LabProtocol:reagent,,,,,,True,,,,True,True,
Endpoint Read Out Information,Test methods,kit,Kit,"The kit used to perform this experiment, if applicable.  [MIFlowCyt]",,,,LabProcessEndpointReadout:param,,,,,,,,,,True,,
Endpoint Read Out Information,Test methods,mechanistic_validation,Mechanistic validation,"Indicate/summarize information on mechanistic validation, e.g. by omics approaches or by use of endpoint specific controls [ToxTemp]",,,,Assay:char,,,,,,,,True,,,,
Endpoint Read Out Information,Test methods,experiment_variables,Experiment variables,"Experiment variables are attributes that differ between samples within an experiment due to pre-existing differences in sample states or due to experimental manipulation of the samples (e.g., smoker versus non-smoker, IL-2 treatment versus no treatment, knockout versus wild-type, or variable number of transplanted stem cells).  [MIFlowCyt]",,,,Assay:char,,,,,,,,,,,,
Endpoint Read Out Information,Test methods,relation_between_assayresponse_and_in_vivobiologyphysiology,Relation between assay-response and in vivo/biology/physiology,What is relation between assay-response and in vivo/biology/physiology? [OECD GD 211],,Features of the test system that reflect the in vivo tissue [ToxTemp],,Assay:char,,,,,,True,,True,,True,,
Endpoint Read Out Information,Test methods,robustness_of_the_method,Robustness of the method,"Reliability of the experimental results, Within-laboratory repeatability and reproducibility, Between laboratory transferability and reproducibility [OECD GD 211]. Historical control data referenced as evidence of robustness lives in the dedicated `historical_control_data` row.",historical control data;intra-laboratory repeatability;intra-laboratory reproducibility;inter-laboratory reproducibility;inter-laboratory transferability;method transfer;ring test;inter-laboratory study;Applicability of test method,"Accurate and repeatable through validation [merged from the Exposure Information / Study design row 'Applicability of test method', a duplicate of this robustness/reliability concept].",,Assay:char,,,,,,True,,True,,True,,
Endpoint Read Out Information,Test methods,reference_chemicalschemical_libraries_rationale_for_their_selection_and_other_available_information,"Reference chemicals/chemical libraries, rationale for their selection and other available information","Are results for the reference chemicals (i.e. the “training set” chemicals used in the development and evaluation of the assay and its associated prediction model) free and publicly available in some form. If available, what is rationale for their selection. [OECD GD 211]",,,,LabProcessExposure:param,,,,,,True,,True,,True,True,True
Endpoint Read Out Information,Test methods,metabolic_capacity_of_the_test_system,Metabolic capacity of the test system,Is the test system metabolically competent? Addition of an enzymatic fraction? [OECD GD 211],,,,CellLineSample:char,,,,,,True,,True,,,True,True
Endpoint Read Out Information,Test methods,method_randomization,Method randomization,"If a method of randomization was used to determine how samples/animals were allocated to experimental groups and processed, describe it. For animal studies, include a statement about randomization even if no randomization was used. [Nature]",,,,Assay:char,,,,,,,,,True,,True,
Endpoint Read Out Information,Test methods,blinding,Blinding,"If the investigator was blinded to the group allocation during the experiment and/or when assessing the outcome, state the extent of blinding. For animal studies, include a statement about blinding even if no blinding was done. [Nature]",coded substances;coded chemicals;blind testing,,,Assay:char,,,,,,,,,True,True,True,
Endpoint Read Out Information,Quality and acceptance criteria,acceptance_criteria_for_source_cell_population,Acceptance criteria for source cell population,"Acceptance criteria assessed at different stages of test system and method, furthermore, assessing variability and troubleshooting. [ToxTemp]",,,,LabProcessCellCulture:param,,,,,,,,True,,True,True,
Endpoint Read Out Information,Quality and acceptance criteria,acceptance_criteria_for_assessing_test_system_at_its_start,Acceptance criteria for assessing test system at its start,List the criteria and the results,,,,LabProcessCellCulture:param,,,,,,,,True,,True,True,True
Endpoint Read Out Information,Quality and acceptance criteria,acceptance_criteria_for_the_test_system_at_the_end_of_compound_exposure,Acceptance criteria for the test system at the end of compound exposure,Criteria to accept or reject experimental data [OECD GD 211],,,,LabProcessEndpointReadout:param,,,,,,True,,True,,True,True,True
Endpoint Read Out Information,Quality and acceptance criteria,raw_data_format,Raw data format,"(file) Format in which original data are created, e.g. .tiff, .txt, any equipemt specific format, hand written notes etc.",,,,File:encodingFormat,,,,,,True,,True,,True,,
Endpoint Read Out Information,Quality and acceptance criteria,internal_data_storage,Internal data storage,"e.g. computer's internal hard drive, external hard drive, cloud, electronical or handwritten labbook, ...",,,,,,,,,,True,,True,,True,,
Endpoint Read Out Information,Quality and acceptance criteria,experimental_systems_used,Experimental system(s) used,Experimental test system extensively documented at different stages. [ToxTemp],,,,Assay:char,,,,,,True,,True,,,True,
Endpoint Read Out Information,Quality and acceptance criteria,equipment_used_calibration_program,"Equipment used, calibration program",Covers both routine maintenance and calibration; report frequency and most recent date for each.,instrument maintenance;instrument calibration,,,LabProcessEndpointReadout:param,,,,,,True,,,,True,True,
Endpoint Read Out Information,Quality and acceptance criteria,availability_of_internal_standards,Availability of internal standards,e.g. positive and negative controls,,,,LabProcessEndpointReadout:param,,,,,,True,,,,True,,
Endpoint Read Out Information,Quality and acceptance criteria,limit_of_detection_and_limit_of_quantification_detection_range,"Limit of detection and limit of quantification, detection range",e.g. upper and lower detection range/limits,,,,LabProcessEndpointReadout:param,,,,,,True,,,,True,,
Endpoint Read Out Information,Quality and acceptance criteria,crossreference_to_related_test_methods,Cross-reference to related test methods,Related assays if known that may characterize the same key event [OECD GD 211],reference test method;comparator method,,,Assay:char,,,,,,True,,,,True,,True
Endpoint Read Out Information,Quality and acceptance criteria,additional_quality_control_experiments,Additional quality control experiments,"If another experiment was performed for the purposes of establishing quality control standards, that experiment may be referenced. [MIFlowCyt]",,,,Assay:char,,,,,,,,,,True,True,
Endpoint Read Out Information,Instrument information,instrument_name,Name,,,,,LabProcessEndpointReadout:param,,,,,,,,,,,True,
Endpoint Read Out Information,Instrument information,manufacturer,Manufacturer,,,,,LabProcessEndpointReadout:param,http://www.bioassayontology.org/bao#BAO_0002628,instrumentation manufacturer,skos:exactMatch,semapv:ManualMappingCuration,bao:2.8.19,,,,,,,
Endpoint Read Out Information,Instrument information,model_number,Model number,The model number shall be sufficient if these uniquely specify the required instrument components. [MIFlowCyt],,,,LabProcessEndpointReadout:param,,,,,,,,,,,,
Endpoint Read Out Information,Instrument information,type,Type,,,,,LabProcessEndpointReadout:param,,,,,,,,,,,True,True
Endpoint Read Out Information,Instrument information,instrument_settings,Instrument Settings,"e.g. microscope magnification, wavelength",Default Instrument Settings,,,LabProcessEndpointReadout:param,,,,,,,,,,,,True
Endpoint Read Out Information,Instrument information,performance_test,Performance test,"e.g. Sensitivity, Signal to noise ratio, Linearity [Deagle]",Quality control;instrument validation,,,LabProcessEndpointReadout:param,,,,,,,,,,True,True,
Endpoint Read Out Information,Instrument information,software_and_version,Software and version,"Name of software, provider and version number",,,,LabProtocol:computationalTool,,,,,,,,,,,,
Endpoint Read Out Information,Instrument information,data_type,Data type,"e.g. .czi, png, tiff, word, xls",,,,File:encodingFormat,,,,,,,,,,,,
Endpoint Read Out Information,Sample preparation,sample_name,Name,A user assigned name for this sample [4DN],,,,LabProcessEndpointReadout:param,,,,,,,,,,,,
Endpoint Read Out Information,Sample preparation,description,Description,A description of the sample that was imaged in this case. [4DN],,,,LabProcessEndpointReadout:param,,,,,,,,,,,,
Endpoint Read Out Information,Sample preparation,preparation,Preparation,e.g.  special sample preparation [4DN],,,,LabProcessEndpointReadout:param,,,,,,,,,,,,
Endpoint Read Out Information,Sample preparation,fixation,Fixation,"Fixation protocol of the specimen, e.g. methanol for 20 min",,,,LabProcessEndpointReadout:param,,,,,,,,,,,,
Endpoint Read Out Information,Sample preparation,sample_prep_reagents,Reagents,"To show that antibodies were profiled for use in the system under study (assay and species), provide a citation, catalog number and/or clone number, supplementary information or reference to an antibody validation profile (e.g., Antibodypedia, 1DegreeBio). [Nature] Add all reagents used for sample preparation",,,,LabProtocol:reagent,,,,,,,,,True,,,
Endpoint Read Out Information,Sample preparation,antibody,Antibody,"The analyte detector is often an antibody (e.g., anti-CD25) that specifically binds the analyte [MIFlowCyt]",Analyte detector,,,LabProcessEndpointReadout:param,,,,,,,,,,,True,
Endpoint Read Out Information,Sample preparation,concentrations,Concentrations,Concentration of the used antibody solution [NanoS-QM],,,True,LabProcessEndpointReadout:param,,,,,,,,,,,,
Endpoint Read Out Information,Sample preparation,reactivity_of_the_antibody,Reactivity of the antibody,"In a flow cytometry experiment, the analyte is often a cell surface protein e.g. CD25 [MIFlowCyt]",Analyte,,,LabProcessEndpointReadout:param,,,,,,,,,,,,
Endpoint Read Out Information,Sample preparation,host_of_the_antibody,Host  of the antibody,"Host of first antibody (e.g. made in mouse, rat, goat, rabbit) and secondary antibody (e.g. anti mouse, rat, goat, rabbit)",,,True,LabProcessEndpointReadout:param,,,,,,,,,,,,
Endpoint Read Out Information,Sample preparation,clonality_of_the_antibody,Clonality  of the antibody,"e.g. Monoclonal, polyclonal",,,True,LabProcessEndpointReadout:param,,,,,,,,,,,,
Endpoint Read Out Information,Sample preparation,fluorophores,Fluorophores,"e.g. Fluorescent dyes (fluorescent chemical compound that can re-emit light upon light excitation in certain wavelengths) in order to track its interaction with specific antigens. Antigen (e.g. GAPDH, or reactivity against certain subunit) [NanoS-QM]",Analyte reporter; Antibody conjugation,"The reporter is typically a fluorochrome (e.g., FITC)  [MIFlowCyt]",,LabProcessEndpointReadout:param,,,,,,,,,,,,
Endpoint Read Out Information,Sample preparation,staining_or_fluorescence_labeling_technique,Staining or fluorescence labeling technique,,,,,LabProcessEndpointReadout:param,,,,,,,,,,,,
Endpoint Read Out Information,Sample preparation,manufacturer_source,Manufacturer / Source,Manufacturer and catalog number [MIFlowCyt],,,,LabProcessEndpointReadout:param,,,,,,,,,,,,
Endpoint Read Out Information,Sample preparation,mounting_method,Mounting method,Including description of mounting medium,,,,LabProcessEndpointReadout:param,,,,,,,,,,,,
Endpoint Read Out Information,Sample preparation,media_type,Media type,"Cells are alive, e.g. live cell imaging",,,True,LabProcessEndpointReadout:param,,,,,,,,,,,,
Analysis and Statistics,Data analysis,conclusion,Conclusion,,,,True,,,,,,,,,,,,,True
Analysis and Statistics,Data analysis,data_analysis,Data analysis,Comment on the response value in terms of a boundary or range to provide a context for interpretation. [OECD GD 211],decision criteria;classification criteria;positive/negative/equivocal cutoffs;DIP;Data Interpretation Procedure,,,,,,,,,True,,,,True,,True
Analysis and Statistics,Data analysis,explicit_prediction_model,Explicit prediction model,Description of prediction model [OECD GD 211],,,,,,,,,,True,,,,True,,
Analysis and Statistics,Data analysis,raw_data_processing_to_summary_data,Raw data processing to summary data,Description how the data is calculated [OECD GD 211],,,,,,,,,,True,,True,,,True,True
Analysis and Statistics,Data analysis,raw_data_or_distribution_of_values,Raw data or distribution of values,Is the raw data or distribution of values underlying the reported results provided? [MIRIBEL],,,,LabProcessDataAnalysis:param,,,,,,,,,,True,True,True
Analysis and Statistics,Data analysis,data_availability,Data Availability,E.g. external documents [OECD GD 211] Reference to additional files of relevance [ToxTemp],,"Please provide a Data Availability statement . Data availability statements should include, where applicable, accession codes, other unique identifiers and associated web links for publicly available datasets, and any conditions for access of non-publicly available datasets. Where figure source data are provided, statements confirming this should be included in data availability statements. Please refer the data availability and data citations policy of the ""Nature"" journal for detailed guidance on information that must be provided in this statement. [Nature]",,LabProcessDataAnalysis:param,,,,,,True,,True,True,True,True,True
Analysis and Statistics,Data analysis,illustrations,Illustrations,"Show us the spread: bar charts with error bars are commonly used to depict numerical data, but they can be misleading when sample sizes are small. Wherever possible, use graph types that include individual data points to directly show the spread of the data. [Nature Communications]",Figure; Table,,,,,,,,,,,,True,,,
Analysis and Statistics,Data analysis,curve_fitting,Curve fitting,Explanation of the curve fitting process [OECD GD 211],,,,,,,,,,True,,True,,True,True,
Analysis and Statistics,Data analysis,validation_of_statistics,Validation of statistics,Was cross-validation carried out? [OECD GD 211],,,,,,,,,,True,,True,,,,
Analysis and Statistics,Data analysis,details_of_data_analysis,Details of data analysis,e.g. Image J cell counting,,,,,,,,,,,,,True,True,True,
Analysis and Statistics,Data analysis,software_name_and_version_for_algorithm,Software name and version for algorithm,Specify the name and the version of software applications (and date if relevant) used to derive the prediction model or to undertake the statistical processing. [OECD GD 211],Prediction model generation,,,,,,,,,True,,,,,,
Analysis and Statistics,Data analysis,statistical_analysis,Statistical analysis,"Provide details of the statistical methods used for each analysis, including software used. Describe any methods used to assess whether the data met the assumptions of the statistical approach, and what was done if the assumptions were not met. [ARRIVE]",Statistical methods,,,,,,,,,,,,True,True,True,True
Analysis and Statistics,Data analysis,unit_of_analysis_for_each_dataset,Unit of analysis for each dataset,"e.g. single animal, group of animals, single neuron [ARRIVE]",Numbers analyzed;experimental unit,"Define your n numbers: just stating ‘n = 5’ is no longer sufficient—it must be clear what your n number refers to for each experiment. For example, did you do the experiment on five plants, on five tissue samples from the same plant, or did you run the same sample for analysis five times over? You should be able to justify your choice of sample size and statistical tests in the reporting summary. [Nature Communications]",,,,,,,,,,,,,True,
Analysis and Statistics,Data analysis,justification_of_statistical_tests,Justification of statistical tests,"For every figure, are statistical tests justified as appropriate? [Nature]",,,,,,,,,,,,,True,True,,
Analysis and Statistics,Data analysis,estimation_of_variation,Estimation of variation,Is there an estimate of variation within each group of data? [Nature],coefficient of variation;standard deviation;measures of variability,,,,,,,,,,,,True,True,True,
Analysis and Statistics,Data analysis,variance_between_groups,Variance between groups,Is the variance similar between the groups that are being statistically compared? [Nature],,,,,,,,,,,,,True,True,,
Analysis and Statistics,Data analysis,methods_to_assess_data,Methods to assess data,Describe any methods used to assess whether the data met the assumptions of the statistical approach. [ARRIVE],statistical methods;non-statistical methods;dose-response analysis,,,,,,,,,,,,,True,,
Analysis and Statistics,Data analysis,baseline_data,Baseline data,"For each experimental group, report relevant characteristics and health status of animals (e.g. weight, microbiological status, and drug or test naïve) prior to treatment or testing. (This information can often be tabulated). [ARRIVE]",,,,,,,,,,,,,,,,
Analysis and Statistics,Data analysis,excluded_data,Excluded data,Describe inclusion/exclusion criteria if samples or animals were excluded from the analysis. Were the criteria pre-established? [Nature],outlier identification;outlying values;data exclusion reasons,"If any animals or data were not included in the analysis, explain why. [ARRIVE]",,,,,,,,,,,True,True,True,True
Analysis and Statistics,Data analysis,outcomes_and_estimations,Outcomes and estimations,"Report the results for each analysis carried out, with a measure of precision (e.g. standard error or confidence interval). [ARRIVE]. Per the IUCLID OHT 201 schema, the parameter_and_result flexible block (parameter name + numeric value + unit + remarks, repeatable) is a structured population pattern for reporting per-parameter results.",,,,LabProcessDataAnalysis:param,,,,,,,,,,True,True,True
Analysis and Statistics,Data analysis,adverse_events,Adverse events,Give details of all important adverse events in each experimental group. [ARRIVE],,,,,,,,,,,,,,,,
Analysis and Statistics,Data analysis,protocol_modification,Protocol modification,Describe any modifications to the experimental protocols made to reduce adverse events. [ARRIVE],,,,LabProcessDataAnalysis:param,,,,,,,,,,True,True,True
Analysis and Statistics,"Limitations, Discussion, and Interpretation",interpretation,Interpretation,"Interpretation of data, observations",Scientific implications,,,LabProcessDataAnalysis:param,,,,,,,,,,True,True,True
Analysis and Statistics,"Limitations, Discussion, and Interpretation",study_objectives_and_hypotheses,Study objectives and hypotheses,What was the initial aim and/or hypothesis of the study?,,,,,,,,,,,,,,,True,True
Analysis and Statistics,"Limitations, Discussion, and Interpretation",primary_and_secondary_experimental_outcomes,Primary and secondary experimental outcomes,"e.g. cell death, molecular markers, behavioral changes [ARRIVE]",,,,,,,,,,,,,,,,
Analysis and Statistics,"Limitations, Discussion, and Interpretation",current_theory_and_other_relevant_studies_in_literature,Current theory and other relevant studies in literature,"What is the current theoretical background of this study, also taking other relevant studies into account?",,,,,,,,,,,,,,True,,
Analysis and Statistics,"Limitations, Discussion, and Interpretation",study_limitations,Study limitations,"Comment on the study limitations including any potential sources of bias, any limitations of the animal model, and the imprecision associated with the results. [ARRIVE] (Schulz et al. 2010)",,,,LabProcessDataAnalysis:param,,,,,,,,,,,True,True
Analysis and Statistics,"Limitations, Discussion, and Interpretation",method_limitations,Method limitations,Known technical limitations and strengths; Specification of any known technical limitations or strengths of running assay; The assay may not be technically applicable to certain types or class of chemicals. [OECD GD 211],Applicability of test method,,True,,,,,,,True,,True,,True,,
Analysis and Statistics,"Limitations, Discussion, and Interpretation",limitations_related_to_the_data_analysis,Limitations related to the data analysis,"Explain the curve fitting process, the assumptions used to determine the goodness-of-fit and any limitations related to the data analysis. Indicate whether statistics was used (e.g. leave-one-out or other statistics). [OECD GD 211]",,,,,,,,,,True,,True,,,,
Analysis and Statistics,"Limitations, Discussion, and Interpretation",implications_of_the_experiment,Implications of the experiment,"Describe any implications of your experimental methods or findings, e.g. for the replacement, refinement or reduction (the 3Rs) of the use of animals in research. [ARRIVE] or for regulatory processes of the nanomaterial. For 3Rs assessment, structured elements per OECD GD 34 p.54-55 §163: databases searched, search strategy, search dates, and basis for animal numbers.","3Rs assessment;Refinement, Reduction, Replacement assessment",,,,,,,,,,,,,True,True,
Analysis and Statistics,"Limitations, Discussion, and Interpretation",generalizability,Generalizability,"Comment on whether, and how, the findings of this study are likely to be translated to other species or systems, including any relevance to human biology. [ARRIVE]",Translation; In vitro-in vivo extrapolation (IVIVE),,,,,,,,,,,,,,,
General Information,,test_method_sponsor,Test method sponsor,"Entity that has proposed a test method for incorporation into a Test Guideline, responsible for organising and providing all available information to the validation/review body.",,,,,,,,,,,,,,True,,
General Information,,submitting_party,Submitting party / national coordinator,"Party through which the test method is submitted to OECD (Member country NC, EU/EC, BIAC industry association, or invited expert via NC).",,,,,,,,,,,,,,True,,
General Information,,submission_date,Submission date,Date the test method submission package was provided for peer review / regulatory consideration.,,,,,,,,,,,,,,True,,
Analysis and Statistics,"Limitations, Discussion, and Interpretation",role_in_testing_strategy,Role in testing strategy / battery / tier,"Indicates where and how the proposed test method might be included in the overall safety/hazard assessment process, including weight given relative to other tests in tier or battery.",,,,,,,,,,,,,,True,,
Analysis and Statistics,"Limitations, Discussion, and Interpretation",advantages_over_existing_methods,Advantages over existing methods,"Description of advantages of the new method (speed, cost, reduced animal use, etc.) over methods it replaces or complements.",,,,,,,,,,,,,,True,,
Endpoint Read Out Information,Test methods,detailed_protocol,Detailed test method protocol,"Detailed, unambiguous step-by-step description of the test method including preparations, reagents, supplies, equipment, and criteria/procedures for generating and evaluating test data; provided as appendix to submission. Distinct from the `sops` row, which is for attaching the formal GLP SOP documents themselves.",,,,LabProtocol:description,,,,,,,,,,True,True,True
Endpoint Read Out Information,Test methods,sops,Standard Operating Procedures (SOPs),"Formal, written procedures describing in detail how specific routine and test-specific laboratory operations are performed; required by GLP. For attachment of formal versioned SOP documents (per GLP). The descriptive narrative of the test method belongs in `detailed_protocol`.",,,,LabProtocol:url,,,,,,,,,,True,True,True
Endpoint Read Out Information,Quality and acceptance criteria,standard_data_entry_format,Standard data entry format,"Standard format for data entry to be used by all participating laboratories, with clear directions on how to report data and related information.",,,,LabProcessEndpointReadout:param,,,,,,,,,,True,,
Analysis and Statistics,Data analysis,dose_response_analysis,Dose-response relationship analysis,Methods used to explore the dose-response relationship.,,,,LabProcessDataAnalysis:param,,,,,,,,,,True,True,True
Chemical Information,Chemical description and generation procedure,chemical_class,Chemical class,Chemical class to which each test substance belongs.,,,,MolecularEntity:char,,,,,,,,,,True,,
Chemical Information,Chemical description and generation procedure,product_class,Product class,Product class to which each test substance belongs.,,,,MolecularEntity:char,,,,,,,,,,True,,
Chemical Information,Chemical composition,purity,Purity,Purity of each test substance; chemicals should be of highest available purity or of known composition.,,,,MolecularEntity:char,http://www.bioassayontology.org/bao#BAO_0002618,purity,skos:exactMatch,semapv:ManualMappingCuration,bao:2.8.19,,,,,True,True,
Chemical Information,Physical chemical characteristics,physical_chemical_properties,Physical and chemical characteristics,"Physico-chemical data such as pH, volatility, stability, solubility, chemical reactivity, provided for each test chemical. Includes nanomaterial-specific facets where applicable: particle size and size distribution, shape, surface area, surface charge, and surface treatment.",size;particle size;surface charge;surface area,,,MolecularEntity:char,http://semanticscience.org/resource/CHEMINF_000025,physical descriptor,skos:closeMatch,semapv:ManualMappingCuration,enm:10.0,,,,,True,True,
Chemical Information,Sample preparation,sample_quantity,Weight or volume of sample dispatched,Weight or volume of the sample of test chemical dispatched to the participating laboratory.,,,,,,,,,,,,,,True,,
Chemical Information,Sample preparation,storage_conditions,Storage instructions / conditions,Storage instructions for the test chemical; chemicals should be stable under defined storage conditions for at least the duration of the validation study.,,,,MolecularEntity:char,,,,,,,,,,True,,
Chemical Information,Physical chemical characteristics,stability_in_test_medium,Stability of test substance in test medium,"Stability of each test substance under the test conditions and test medium. Where degradation occurs, identify and quantify degradation products.",,,,MolecularEntity:char,,,,,,,,,,True,True,
Chemical Information,Physical chemical characteristics,sorption_bioavailability_considerations,Sorption/bioavailability considerations,"Sorption to plastic plates, PDMS absorption, or binding to albumin/serum can reduce bioavailability; such physicochemical-driven exposure effects should be evaluated (e.g., with computational models).",,,,MolecularEntity:char,,,,,,,,,,,True,
Chemical Information,Chemical description and generation procedure,batch_lot_number,Batch / lot number,"All laboratories should use, to the extent possible, the same batch of a test chemical; lot-to-lot consistency should be described.",,,,MolecularEntity:char,http://purl.obolibrary.org/obo/NCIT_C101672,Lot or Batch Number Production Identifier,skos:closeMatch,semapv:ManualMappingCuration,ncit:26.02d,,,,,True,True,True
Chemical Information,Chemical composition,mixture_composition,Mixture constituents and relative concentrations,"In the case of mixtures, the constituents and their relative concentrations should be stated whenever possible.",,,,MolecularEntity:char,http://purl.obolibrary.org/obo/CHEBI_60004,mixture,skos:closeMatch,semapv:ManualMappingCuration,chebi:252,,,,,True,True,True
Endpoint Read Out Information,Quality and acceptance criteria,reference_data_source,Source of in vivo / reference test data,"Source of the in vivo reference test method data (literature citation for published information, laboratory study director, year generated for unpublished data).",,,,Assay:char,,,,,,,,,,True,,
Endpoint Read Out Information,Quality and acceptance criteria,reference_protocol_description,Reference test method protocol description,"Description of the protocol(s) employed to generate the in vivo reference test method or human data, including any modifications and their potential impact.",,,,Assay:char,,,,,,,,,,True,,
Endpoint Read Out Information,Quality and acceptance criteria,reference_data_quality,Quality of in vivo reference test data (GLP),"Description of the quality of the in vivo reference data, including extent of GLP compliance and use of coded test chemicals.",,,,Assay:char,,,,,,,,,,True,,
Analysis and Statistics,Data analysis,comparative_data_table,Comparative test/reference data table,"Table of test method results versus reference test method results (quantitative and categorical), for each test substance (Table 4 template).",,,,,,,,,,,,,,True,True,
Analysis and Statistics,Data analysis,accuracy,Accuracy,"Closeness of agreement between test method results and accepted reference values; measure of test method performance. Sub-metrics: sensitivity (proportion of positives correctly classified), specificity (proportion of negatives correctly classified), positive predictivity, negative predictivity, false positive rate, false negative rate. Prevalence (proportion of positives/negatives in the test set) provides context for interpreting these metrics. See GD 34 Annex I, p.54 §158.",concordance;predictive capacity,,,,,,,,,,,,,True,,
General Information,,quality_assurance_procedures,Quality assurance / quality control procedures,QA/QC procedures to which the original data and derived values are subjected; management process for adherence to laboratory testing standards.,,,,,,,,,,,,,,True,,
Analysis and Statistics,,historical_control_data,Historical control data,"Longitudinal dataset of control values (negative, positive, vehicle) from previous runs of the test method, used as evidence of method reliability and to define acceptable ranges for current experiments. Typically attached as a CSV/Excel table, a control chart, or summary statistics (mean, SD, CV). Distinct from `controls` (per-experiment control descriptions) and `robustness_of_the_method` (the reliability narrative); historical control data is the underlying dataset that feeds both. See GD 417 p.24 Sec 2.2.1.",control charts;historical baseline;longitudinal control data,,,,,,,,,,,,,,True,
General Information,,practical_considerations,Cost and time of conducting the test,"Cost and time involved in conducting a study using the proposed test method, compared to reference test method(s).",,,,,,,,,,,,,,True,,
Chemical Information,Sample preparation,nanomaterial_dispersion,Nanomaterial dispersion/aggregation measures,"For nanomaterial studies, particle size, shape and surface charge must be considered and appropriate measures taken to ensure homogeneous dispersion and avoid particle aggregation.",,,,MolecularEntity:char,,,,,,,,,,,True,
Exposure Information,,analytical_concentration_verification,Analytical verification of nominal concentrations,"Ideally, nominal concentrations should be analytically verified; for chemically unstable substances more frequent analyses may be needed.",,,,LabProcessExposure:param,,,,,,,,,,,True,
Exposure Information,Dose metrics,effective_bioavailable_concentration,Effective (bioavailable) concentration measurement,"To determine bioavailability during the experiment, the effective concentration of the test item should be measured to aid interpretation of results.",,,,LabProcessExposure:param,,,,,,,,,,,True,
Chemical Information,,test_item_identity_verification,Analytical verification of test item identity,"Analytical verification of the test item should be conducted at study initiation and termination (and during, for longer studies) to verify substance identity and stability.",,,,MolecularEntity:char,,,,,,,,,,,True,
Analysis and Statistics,Data analysis,sample_size,Sample size,"Number of independent experimental units used for statistical analysis (the 'n' that determines degrees of freedom and underpins statistical power). For in vitro studies, this is typically the number of biological replicates rather than technical replicates (pseudoreplicates). Pairs with `statistical_power`: power analysis requires sample size as input, and sample size is what power analysis prescribes. Distinct from `number_of_replicates` (generic replicate count) and `unit_of_analysis_for_each_dataset` (the type of unit). See GD 417 p.22 Table 2.1; p.29-30 Sec 2.3.1.",n;statistical n;sample n,,,,,,,,,,,,,,True,
Analysis and Statistics,Data analysis,statistical_power,Statistical power,"Statistical power considerations, including sample size overall and across subgroups, should be addressed in the design.",,,,,,,,,,,,,,,True,
Analysis and Statistics,Data analysis,analysis_code_access,Access to analysis code,"Access to code used for data analysis / modelling (noted for computational studies, applicable to in vitro bioinformatics workflows).",,,,,,,,,,,,,,,True,
Analysis and Statistics,Data analysis,machine_readable_results,Machine-readable results tables,Reporting of main results in machine-readable tables comprising relevant endpoints and statistical parameters facilitates interpretation and data extraction.,,,,,,,,,,,,,,,True,True
Biological Model Information,Model characterization in vitro > Custom fields,scaffolds_matrices,Scaffolds / matrices for 3D models,"For complex in vitro models (organoids, spheroids, OoC, MPS, 3D bioprinting), matrices or scaffolds used (e.g., Matrigel, collagen, fibrin gel) should be reported.",,,,LabProcessCellCulture:param,,,,,,,,,,,True,
Biological Model Information,Model characterization in vitro > Custom fields,device_materials,Device manufacturing materials,"For MPS/OoC devices, the materials used for manufacturing (e.g., PDMS or other polymers) should be reported, as they can influence compound absorption.",,,,LabProtocol:labEquipment,,,,,,,,,,,True,
General Information,,peer_review_status,Peer review status,Peer review is often a prerequisite for regulatory consideration of research data; reporting of peer-review status supports reliability assessment.,,,,,,,,,,,,,,,True,
General Information,,preregistration,Pre-registration of protocol,"Pre-registration of protocols (e.g., in study registries such as clinical trial registries or animal study registries) reduces publication bias and increases transparency.",,,,,,,,,,,,,,,True,
